{
  "version": "1.2.1",
  "platformVersion": "8.1.0",
  "authentication": {
    "type": "session",
    "test": {
      "url": "https://api.pverify.com/Token",
      "method": "POST",
      "body": "username={{bundle.authData.username}}&password={{bundle.authData.password}}&grant_type=password",
      "headers": {
        "content-type": "application/x-www-form-urlencoded",
        "sent-from": "authentication"
      }
    },
    "fields": [
      {
        "key": "username",
        "type": "string",
        "required": true,
        "helpText": "Your login username."
      },
      {
        "key": "password",
        "type": "string",
        "required": true,
        "helpText": "Your login password."
      }
    ],
    "sessionConfig": {
      "perform": "$func$2$f$"
    }
  },
  "beforeRequest": [
    "$func$3$f$"
  ],
  "afterResponse": [
    "$func$3$f$"
  ],
  "resources": {},
  "triggers": {},
  "searches": {},
  "creates": {
    "EligibilityInquiry": {
      "key": "EligibilityInquiry",
      "noun": "EligibilityInquiry",
      "display": {
        "label": "Create EligibilityInquiry",
        "description": "Generate a new EligibilityInquiry call through pVerify."
      },
      "operation": {
        "inputFields": [
          {
            "key": "payerCode",
            "required": true,
            "type": "string"
          },
          {
            "key": "ProviderFirstName",
            "required": false,
            "type": "string"
          },
          {
            "key": "ProviderMiddleName",
            "required": false,
            "type": "string"
          },
          {
            "key": "ProviderLastName",
            "required": true,
            "type": "string"
          },
          {
            "key": "ProviderNPI",
            "required": true,
            "type": "string"
          },
          {
            "key": "subscriberFirstName",
            "required": false,
            "type": "string"
          },
          {
            "key": "subscriberMiddleName",
            "required": false,
            "type": "string"
          },
          {
            "key": "subscriberLastName",
            "required": false,
            "type": "string"
          },
          {
            "key": "subscriberDOB",
            "required": false,
            "type": "string"
          },
          {
            "key": "subscriberMemberID",
            "required": true,
            "type": "string"
          },
          {
            "key": "dependentFirstName",
            "required": false,
            "type": "string"
          },
          {
            "key": "dependentMiddleName",
            "required": false,
            "type": "string"
          },
          {
            "key": "dependentLastName",
            "required": false,
            "type": "string"
          },
          {
            "key": "dependentDOB",
            "required": true,
            "type": "string"
          },
          {
            "key": "dependentGender",
            "required": false,
            "type": "string"
          },
          {
            "key": "relationWSubscriber",
            "required": false,
            "type": "string"
          },
          {
            "key": "isSubscriberPatient",
            "required": true,
            "type": "string"
          },
          {
            "key": "DOS",
            "label": "Date of Service",
            "required": true,
            "type": "string"
          },
          {
            "key": "serviceCodes",
            "required": true,
            "type": "string"
          },
          {
            "key": "isHMOplan",
            "required": false,
            "type": "boolean"
          },
          {
            "key": "IncludeTextResponse",
            "required": false,
            "type": "boolean"
          },
          {
            "key": "referenceId",
            "required": false,
            "type": "string"
          },
          {
            "key": "Location",
            "required": false,
            "type": "string"
          }
        ],
        "outputFields": [
          {
            "key": "status",
            "label": "Coverage Status",
            "type": "string"
          },
          {
            "key": "demographicInfo__subscriber__firstname",
            "label": "xSubscriber First Name",
            "type": "string"
          }
        ],
        "perform": "$func$2$f$"
      }
    },
    "GetEligibilityResponse": {
      "key": "GetEligibilityResponse",
      "noun": "GetEligibilityResponse",
      "display": {
        "label": "Call GetEligibilityResponse",
        "description": "Get previously generated eligiblity data from pVerify."
      },
      "operation": {
        "inputFields": [
          {
            "key": "elgRequestID",
            "required": true,
            "type": "string"
          }
        ],
        "outputFields": [
          {
            "key": "status",
            "label": "xCoverage Status",
            "type": "string"
          },
          {
            "key": "demographicInfo__subscriber__firstname",
            "label": "xSubscriber First Name",
            "type": "string"
          },
          {
            "key": "networkSections[]identifier",
            "label": "xNetworkSectionsId",
            "type": "string"
          },
          {
            "key": "networkSections[]inNetworkParameters[]key",
            "label": "xNetworkSectionsKey",
            "type": "string"
          },
          {
            "key": "networkSections[]inNetworkParameters[]value",
            "label": "xNetworkSectionsValue",
            "type": "string"
          }
        ],
        "perform": "$func$2$f$"
      }
    },
    "EasyEligibility": {
      "key": "EasyEligibility",
      "noun": "EasyEligibility",
      "display": {
        "label": "Generates EasyEligibility Call",
        "description": "EasyEligibility Call for Eligibility Verification."
      },
      "operation": {
        "inputFields": [
          {
            "key": "User",
            "required": true,
            "type": "string"
          },
          {
            "key": "Password",
            "required": true,
            "type": "string"
          },
          {
            "key": "payerCode",
            "required": true,
            "type": "string"
          },
          {
            "key": "provider_lastname",
            "required": true,
            "type": "string"
          },
          {
            "key": "provider_npi",
            "required": true,
            "type": "string"
          },
          {
            "key": "patient_first",
            "required": true,
            "type": "string"
          },
          {
            "key": "patient_last",
            "required": true,
            "type": "string"
          },
          {
            "key": "memberID",
            "required": true,
            "type": "string"
          },
          {
            "key": "patient_DOB",
            "required": true,
            "type": "string"
          },
          {
            "key": "date_Of_Service",
            "required": true,
            "type": "string"
          },
          {
            "key": "serviceCodes",
            "required": true,
            "type": "string"
          }
        ],
        "perform": "$func$2$f$"
      }
    },
    "EligibilitySummary": {
      "key": "EligibilitySummary",
      "noun": "EligibilitySummary",
      "display": {
        "label": "Create EligibilitySummary",
        "description": "Generate a new EligibilitySummary call through pVerify."
      },
      "operation": {
        "inputFields": [
          {
            "key": "payerCode",
            "required": true,
            "type": "string"
          },
          {
            "key": "ProviderFirstName",
            "required": false,
            "type": "string"
          },
          {
            "key": "ProviderMiddleName",
            "required": false,
            "type": "string"
          },
          {
            "key": "ProviderLastName",
            "required": true,
            "type": "string"
          },
          {
            "key": "ProviderNPI",
            "required": true,
            "type": "string"
          },
          {
            "key": "subscriberFirstName",
            "required": false,
            "type": "string"
          },
          {
            "key": "subscriberMiddleName",
            "required": false,
            "type": "string"
          },
          {
            "key": "subscriberLastName",
            "required": false,
            "type": "string"
          },
          {
            "key": "subscriberDOB",
            "required": false,
            "type": "string"
          },
          {
            "key": "subscriberMemberID",
            "required": true,
            "type": "string"
          },
          {
            "key": "dependentFirstName",
            "required": false,
            "type": "string"
          },
          {
            "key": "dependentMiddleName",
            "required": false,
            "type": "string"
          },
          {
            "key": "dependentLastName",
            "required": false,
            "type": "string"
          },
          {
            "key": "dependentDOB",
            "required": true,
            "type": "string"
          },
          {
            "key": "dependentGender",
            "required": false,
            "type": "string"
          },
          {
            "key": "relationWSubscriber",
            "required": false,
            "type": "string"
          },
          {
            "key": "isSubscriberPatient",
            "required": true,
            "type": "string"
          },
          {
            "key": "DOS",
            "label": "Date of Service",
            "required": true,
            "type": "string"
          },
          {
            "key": "serviceCodes",
            "required": true,
            "type": "string"
          },
          {
            "key": "PracticeType",
            "required": false,
            "type": "string"
          },
          {
            "key": "IncludeTextResponse",
            "required": false,
            "type": "boolean"
          },
          {
            "key": "referenceId",
            "required": false,
            "type": "string"
          },
          {
            "key": "Location",
            "required": false,
            "type": "string"
          }
        ],
        "outputFields": [
          {
            "key": "status",
            "label": "Coverage Status",
            "type": "string"
          },
          {
            "key": "demographicInfo__subscriber__firstname",
            "label": "xSubscriber First Name",
            "type": "string"
          }
        ],
        "perform": "$func$2$f$"
      }
    }
  },
  "searchOrCreates": {}
}